{
    "val_loss": 0.07837136089801788,
    "val_accuracy": 0.9789473414421082
}