{
    "loss": 0.07292313873767853,
    "accuracy": 0.982775092124939
}